<?xml version="1.0" encoding="utf-8" ?>
<dwsync>
<file name="freetype6.dll" server="C:/xampp/htdocs/" local="129819271940000000" remote="129819271940000000" />
<file name="makeallttffonts.php" server="C:/xampp/htdocs/" local="129819271940000000" remote="129819271940000000" />
<file name="makefont.php" server="C:/xampp/htdocs/" local="129819271940000000" remote="129819271940000000" />
<file name="pfm2afm" server="C:/xampp/htdocs/" local="129819271940000000" remote="129819271940000000" />
<file name="pfm2afm.exe" server="C:/xampp/htdocs/" local="129819271940000000" remote="129819271940000000" />
<file name="README.TXT" server="C:/xampp/htdocs/" local="129819271940000000" remote="129819271940000000" />
<file name="ttf2ufm" server="C:/xampp/htdocs/" local="129819271940000000" remote="129819271940000000" />
<file name="ttf2ufm.exe" server="C:/xampp/htdocs/" local="129819271940000000" remote="129819271940000000" />
<file name="zlib1.dll" server="C:/xampp/htdocs/" local="129819271940000000" remote="129819271940000000" />
</dwsync>