<?xml version="1.0" encoding="utf-8" ?>
<dwsync>
<file name="Excel2007.php" server="C:/xampp/htdocs/" local="129819271940000000" remote="129819271940000000" Dst="-1" />
<file name="CSV.php" server="C:/xampp/htdocs/" local="129819271940000000" remote="129819271940000000" Dst="-1" />
<file name="Excel5.php" server="C:/xampp/htdocs/" local="129819271960000000" remote="129819271960000000" Dst="-1" />
<file name="HTML.php" server="C:/xampp/htdocs/" local="129819271960000000" remote="129819271960000000" Dst="-1" />
<file name="IWriter.php" server="C:/xampp/htdocs/" local="129819271960000000" remote="129819271960000000" Dst="-1" />
<file name="PDF.php" server="C:/xampp/htdocs/" local="129819271960000000" remote="129819271960000000" Dst="-1" />
<file name="Excel2007.php" server="C:/xampp/htdocs/Aportes/" local="129819271940000000" remote="129819271940000000" Dst="0" />
<file name="Excel2007.php" server="C:/xampp/htdocs/Encuesta/" local="129819271940000000" remote="129819271940000000" Dst="0" />
<file name="Excel2007.php" server="C:/xampp/htdocs/junta/" local="129819271940000000" remote="129819271940000000" Dst="0" />
</dwsync>