<?xml version="1.0" encoding="utf-8" ?>
<dwsync>
<file name="_blank.png" server="C:/xampp/htdocs/" local="129819271940000000" remote="129819271940000000" />
<file name="alpha.png" server="C:/xampp/htdocs/" local="129819271940000000" remote="129819271940000000" />
<file name="bug.eps" server="C:/xampp/htdocs/" local="129819271940000000" remote="129819271940000000" />
<file name="image_demo.jpg" server="C:/xampp/htdocs/" local="129819271940000000" remote="129819271940000000" />
<file name="image_with_alpha.png" server="C:/xampp/htdocs/" local="129819271940000000" remote="129819271940000000" />
<file name="img.png" server="C:/xampp/htdocs/" local="129819271940000000" remote="129819271940000000" />
<file name="logo_example.gif" server="C:/xampp/htdocs/" local="129819271940000000" remote="129819271940000000" />
<file name="logo_example.jpg" server="C:/xampp/htdocs/" local="129819271940000000" remote="129819271940000000" />
<file name="logo_example.png" server="C:/xampp/htdocs/" local="129819271940000000" remote="129819271940000000" />
<file name="pelican.ai" server="C:/xampp/htdocs/" local="129819271940000000" remote="129819271940000000" />
<file name="tcpdf_cell.png" server="C:/xampp/htdocs/" local="129819271940000000" remote="129819271940000000" />
<file name="tcpdf_logo.jpg" server="C:/xampp/htdocs/" local="129819271940000000" remote="129819271940000000" />
<file name="tcpdf_signature.png" server="C:/xampp/htdocs/" local="129819271940000000" remote="129819271940000000" />
<file name="testsvg.svg" server="C:/xampp/htdocs/" local="129819271940000000" remote="129819271940000000" />
<file name="tiger.ai" server="C:/xampp/htdocs/" local="129819271940000000" remote="129819271940000000" />
<file name="tux.svg" server="C:/xampp/htdocs/" local="129819271940000000" remote="129819271940000000" />
</dwsync>