<?xml version="1.0" encoding="utf-8" ?>
<dwsync>
<file name="tcal.css" server="C:/xampp/htdocs/Agenda/" local="130258912148191684" remote="130258912140000000" Dst="0" />
<file name="tcal.js" server="C:/xampp/htdocs/Agenda/" local="130976850735893619" remote="130976850730000000" Dst="0" />
<file name="jquery-1.11.3.js" server="C:/xampp/htdocs/Agenda/" local="130767102243742172" remote="130767102240000000" Dst="0" />
<file name="jquery-1.11.3.js" server="C:/xampp/htdocs/notificacion/" local="130767102243742172" remote="130767102240000000" Dst="0" />
<file name="ajax.php" server="C:/xampp/htdocs/notificacion/" local="131006444816456026" remote="131006444810000000" Dst="0" />
<file name="tcal.css" server="C:/xampp/htdocs/notificacion/" local="130258912148191684" remote="130258912140000000" Dst="0" />
<file name="tcal.js" server="C:/xampp/htdocs/notificacion/" local="130976850735893619" remote="130976850730000000" Dst="0" />
<file name="ajax1.php" server="C:/xampp/htdocs/notificacion/" local="131018425531359399" remote="131018425530000000" Dst="0" />
<file name="fpdf.php" server="C:/xampp/htdocs/notificacion/" local="131019223518949895" remote="131019223510000000" Dst="0" />
<file name="jquery-1.11.3.js" server="C:/xampp/htdocs/junta/" local="130767102243742172" remote="130767102240000000" Dst="0" />
<file name="tcal.js" server="C:/xampp/htdocs/junta/" local="130976850735893619" remote="130976850730000000" Dst="0" />
<file name="ajax1.php" server="C:/xampp/htdocs/junta/" local="131039119402932907" remote="131039119400000000" Dst="0" />
<file name="tcal.css" server="C:/xampp/htdocs/junta/" local="130258912148191684" remote="130258912140000000" Dst="0" />
<file name="fpdf.php" server="C:/xampp/htdocs/junta/" local="131019223518949895" remote="131019223510000000" Dst="0" />
</dwsync>