<?xml version="1.0" encoding="utf-8" ?>
<dwsync>
<file name="Chart.php" server="C:/xampp/htdocs/" local="129819271940000000" remote="129819271940000000" />
<file name="Comments.php" server="C:/xampp/htdocs/" local="129819271940000000" remote="129819271940000000" />
<file name="ContentTypes.php" server="C:/xampp/htdocs/" local="129819271940000000" remote="129819271940000000" />
<file name="DocProps.php" server="C:/xampp/htdocs/" local="129819271940000000" remote="129819271940000000" />
<file name="Drawing.php" server="C:/xampp/htdocs/" local="129819271940000000" remote="129819271940000000" />
<file name="Rels.php" server="C:/xampp/htdocs/" local="129819271940000000" remote="129819271940000000" />
<file name="StringTable.php" server="C:/xampp/htdocs/" local="129819271940000000" remote="129819271940000000" />
<file name="Style.php" server="C:/xampp/htdocs/" local="129819271940000000" remote="129819271940000000" />
<file name="Theme.php" server="C:/xampp/htdocs/" local="129819271940000000" remote="129819271940000000" />
<file name="Workbook.php" server="C:/xampp/htdocs/" local="129819271940000000" remote="129819271940000000" />
<file name="Worksheet.php" server="C:/xampp/htdocs/" local="129819271940000000" remote="129819271940000000" />
<file name="WriterPart.php" server="C:/xampp/htdocs/" local="129819271940000000" remote="129819271940000000" />
</dwsync>