<?xml version="1.0" encoding="utf-8" ?>
<dwsync>
<file name=".noencode" server="C:/xampp/htdocs/" local="129819271940000000" remote="129819271940000000" />
<file name="almohanad.ctg.z" server="C:/xampp/htdocs/" local="129819271940000000" remote="129819271940000000" />
<file name="almohanad.php" server="C:/xampp/htdocs/" local="129819271940000000" remote="129819271940000000" />
<file name="almohanad.z" server="C:/xampp/htdocs/" local="129819271940000000" remote="129819271940000000" />
<file name="arialunicid0-chinese-simplified.php" server="C:/xampp/htdocs/" local="129819271940000000" remote="129819271940000000" />
<file name="arialunicid0-chinese-traditional.php" server="C:/xampp/htdocs/" local="129819271940000000" remote="129819271940000000" />
<file name="arialunicid0-japanese.php" server="C:/xampp/htdocs/" local="129819271940000000" remote="129819271940000000" />
<file name="arialunicid0-korean.php" server="C:/xampp/htdocs/" local="129819271940000000" remote="129819271940000000" />
<file name="arialunicid0.php" server="C:/xampp/htdocs/" local="129819271940000000" remote="129819271940000000" />
<file name="chinese.php" server="C:/xampp/htdocs/" local="129819271940000000" remote="129819271940000000" />
<file name="courier.php" server="C:/xampp/htdocs/" local="129819271940000000" remote="129819271940000000" />
<file name="dejavusans.ctg.z" server="C:/xampp/htdocs/" local="129819271940000000" remote="129819271940000000" />
<file name="dejavusans.php" server="C:/xampp/htdocs/" local="129819271940000000" remote="129819271940000000" />
<file name="dejavusans.z" server="C:/xampp/htdocs/" local="129819271940000000" remote="129819271940000000" />
<file name="dejavusansb.ctg.z" server="C:/xampp/htdocs/" local="129819271940000000" remote="129819271940000000" />
<file name="dejavusansb.php" server="C:/xampp/htdocs/" local="129819271940000000" remote="129819271940000000" />
<file name="dejavusansb.z" server="C:/xampp/htdocs/" local="129819271940000000" remote="129819271940000000" />
<file name="dejavusansbi.ctg.z" server="C:/xampp/htdocs/" local="129819271940000000" remote="129819271940000000" />
<file name="dejavusansbi.php" server="C:/xampp/htdocs/" local="129819271940000000" remote="129819271940000000" />
<file name="dejavusansbi.z" server="C:/xampp/htdocs/" local="129819271940000000" remote="129819271940000000" />
<file name="dejavusanscondensed.ctg.z" server="C:/xampp/htdocs/" local="129819271940000000" remote="129819271940000000" />
<file name="dejavusanscondensed.php" server="C:/xampp/htdocs/" local="129819271940000000" remote="129819271940000000" />
<file name="dejavusanscondensed.z" server="C:/xampp/htdocs/" local="129819271940000000" remote="129819271940000000" />
<file name="dejavusanscondensedb.ctg.z" server="C:/xampp/htdocs/" local="129819271940000000" remote="129819271940000000" />
<file name="dejavusanscondensedb.php" server="C:/xampp/htdocs/" local="129819271940000000" remote="129819271940000000" />
<file name="dejavusanscondensedb.z" server="C:/xampp/htdocs/" local="129819271940000000" remote="129819271940000000" />
<file name="dejavusanscondensedbi.ctg.z" server="C:/xampp/htdocs/" local="129819271940000000" remote="129819271940000000" />
<file name="dejavusanscondensedbi.php" server="C:/xampp/htdocs/" local="129819271940000000" remote="129819271940000000" />
<file name="dejavusanscondensedbi.z" server="C:/xampp/htdocs/" local="129819271940000000" remote="129819271940000000" />
<file name="dejavusanscondensedi.ctg.z" server="C:/xampp/htdocs/" local="129819271940000000" remote="129819271940000000" />
<file name="dejavusanscondensedi.php" server="C:/xampp/htdocs/" local="129819271940000000" remote="129819271940000000" />
<file name="dejavusanscondensedi.z" server="C:/xampp/htdocs/" local="129819271940000000" remote="129819271940000000" />
<file name="dejavusansi.ctg.z" server="C:/xampp/htdocs/" local="129819271940000000" remote="129819271940000000" />
<file name="dejavusansi.php" server="C:/xampp/htdocs/" local="129819271940000000" remote="129819271940000000" />
<file name="dejavusansi.z" server="C:/xampp/htdocs/" local="129819271940000000" remote="129819271940000000" />
<file name="dejavusansmono.ctg.z" server="C:/xampp/htdocs/" local="129819271940000000" remote="129819271940000000" />
<file name="dejavusansmono.php" server="C:/xampp/htdocs/" local="129819271940000000" remote="129819271940000000" />
<file name="dejavusansmono.z" server="C:/xampp/htdocs/" local="129819271940000000" remote="129819271940000000" />
<file name="dejavusansmonob.ctg.z" server="C:/xampp/htdocs/" local="129819271940000000" remote="129819271940000000" />
<file name="dejavusansmonob.php" server="C:/xampp/htdocs/" local="129819271940000000" remote="129819271940000000" />
<file name="dejavusansmonob.z" server="C:/xampp/htdocs/" local="129819271940000000" remote="129819271940000000" />
<file name="dejavusansmonobi.ctg.z" server="C:/xampp/htdocs/" local="129819271940000000" remote="129819271940000000" />
<file name="dejavusansmonobi.php" server="C:/xampp/htdocs/" local="129819271940000000" remote="129819271940000000" />
<file name="dejavusansmonobi.z" server="C:/xampp/htdocs/" local="129819271940000000" remote="129819271940000000" />
<file name="dejavusansmonoi.ctg.z" server="C:/xampp/htdocs/" local="129819271940000000" remote="129819271940000000" />
<file name="dejavusansmonoi.php" server="C:/xampp/htdocs/" local="129819271940000000" remote="129819271940000000" />
<file name="dejavusansmonoi.z" server="C:/xampp/htdocs/" local="129819271940000000" remote="129819271940000000" />
<file name="dejavuserif.ctg.z" server="C:/xampp/htdocs/" local="129819271940000000" remote="129819271940000000" />
<file name="dejavuserif.php" server="C:/xampp/htdocs/" local="129819271940000000" remote="129819271940000000" />
<file name="dejavuserif.z" server="C:/xampp/htdocs/" local="129819271940000000" remote="129819271940000000" />
<file name="dejavuserifb.ctg.z" server="C:/xampp/htdocs/" local="129819271940000000" remote="129819271940000000" />
<file name="dejavuserifb.php" server="C:/xampp/htdocs/" local="129819271940000000" remote="129819271940000000" />
<file name="dejavuserifb.z" server="C:/xampp/htdocs/" local="129819271940000000" remote="129819271940000000" />
<file name="dejavuserifbi.ctg.z" server="C:/xampp/htdocs/" local="129819271940000000" remote="129819271940000000" />
<file name="dejavuserifbi.php" server="C:/xampp/htdocs/" local="129819271940000000" remote="129819271940000000" />
<file name="dejavuserifbi.z" server="C:/xampp/htdocs/" local="129819271940000000" remote="129819271940000000" />
<file name="dejavuserifcondensed.ctg.z" server="C:/xampp/htdocs/" local="129819271940000000" remote="129819271940000000" />
<file name="dejavuserifcondensed.php" server="C:/xampp/htdocs/" local="129819271940000000" remote="129819271940000000" />
<file name="dejavuserifcondensed.z" server="C:/xampp/htdocs/" local="129819271940000000" remote="129819271940000000" />
<file name="dejavuserifcondensedb.ctg.z" server="C:/xampp/htdocs/" local="129819271940000000" remote="129819271940000000" />
<file name="dejavuserifcondensedb.php" server="C:/xampp/htdocs/" local="129819271940000000" remote="129819271940000000" />
<file name="dejavuserifcondensedb.z" server="C:/xampp/htdocs/" local="129819271940000000" remote="129819271940000000" />
<file name="dejavuserifcondensedbi.ctg.z" server="C:/xampp/htdocs/" local="129819271940000000" remote="129819271940000000" />
<file name="dejavuserifcondensedbi.php" server="C:/xampp/htdocs/" local="129819271940000000" remote="129819271940000000" />
<file name="dejavuserifcondensedbi.z" server="C:/xampp/htdocs/" local="129819271940000000" remote="129819271940000000" />
<file name="dejavuserifcondensedi.ctg.z" server="C:/xampp/htdocs/" local="129819271940000000" remote="129819271940000000" />
<file name="dejavuserifcondensedi.php" server="C:/xampp/htdocs/" local="129819271940000000" remote="129819271940000000" />
<file name="dejavuserifcondensedi.z" server="C:/xampp/htdocs/" local="129819271940000000" remote="129819271940000000" />
<file name="dejavuserifi.ctg.z" server="C:/xampp/htdocs/" local="129819271940000000" remote="129819271940000000" />
<file name="dejavuserifi.php" server="C:/xampp/htdocs/" local="129819271940000000" remote="129819271940000000" />
<file name="dejavuserifi.z" server="C:/xampp/htdocs/" local="129819271940000000" remote="129819271940000000" />
<file name="freemono.ctg.z" server="C:/xampp/htdocs/" local="129819271940000000" remote="129819271940000000" />
<file name="freemono.php" server="C:/xampp/htdocs/" local="129819271940000000" remote="129819271940000000" />
<file name="freemono.z" server="C:/xampp/htdocs/" local="129819271940000000" remote="129819271940000000" />
<file name="freemonob.ctg.z" server="C:/xampp/htdocs/" local="129819271940000000" remote="129819271940000000" />
<file name="freemonob.php" server="C:/xampp/htdocs/" local="129819271940000000" remote="129819271940000000" />
<file name="freemonob.z" server="C:/xampp/htdocs/" local="129819271940000000" remote="129819271940000000" />
<file name="freemonobi.ctg.z" server="C:/xampp/htdocs/" local="129819271940000000" remote="129819271940000000" />
<file name="freemonobi.php" server="C:/xampp/htdocs/" local="129819271940000000" remote="129819271940000000" />
<file name="freemonobi.z" server="C:/xampp/htdocs/" local="129819271940000000" remote="129819271940000000" />
<file name="freemonoi.ctg.z" server="C:/xampp/htdocs/" local="129819271940000000" remote="129819271940000000" />
<file name="freemonoi.php" server="C:/xampp/htdocs/" local="129819271940000000" remote="129819271940000000" />
<file name="freemonoi.z" server="C:/xampp/htdocs/" local="129819271940000000" remote="129819271940000000" />
<file name="freesans.ctg.z" server="C:/xampp/htdocs/" local="129819271940000000" remote="129819271940000000" />
<file name="freesans.php" server="C:/xampp/htdocs/" local="129819271940000000" remote="129819271940000000" />
<file name="freesans.z" server="C:/xampp/htdocs/" local="129819271940000000" remote="129819271940000000" />
<file name="freesansb.ctg.z" server="C:/xampp/htdocs/" local="129819271940000000" remote="129819271940000000" />
<file name="freesansb.php" server="C:/xampp/htdocs/" local="129819271940000000" remote="129819271940000000" />
<file name="freesansb.z" server="C:/xampp/htdocs/" local="129819271940000000" remote="129819271940000000" />
<file name="freesansbi.ctg.z" server="C:/xampp/htdocs/" local="129819271940000000" remote="129819271940000000" />
<file name="freesansbi.php" server="C:/xampp/htdocs/" local="129819271940000000" remote="129819271940000000" />
<file name="freesansbi.z" server="C:/xampp/htdocs/" local="129819271940000000" remote="129819271940000000" />
<file name="freesansi.ctg.z" server="C:/xampp/htdocs/" local="129819271940000000" remote="129819271940000000" />
<file name="freesansi.php" server="C:/xampp/htdocs/" local="129819271940000000" remote="129819271940000000" />
<file name="freesansi.z" server="C:/xampp/htdocs/" local="129819271940000000" remote="129819271940000000" />
<file name="freeserif.ctg.z" server="C:/xampp/htdocs/" local="129819271940000000" remote="129819271940000000" />
<file name="freeserif.php" server="C:/xampp/htdocs/" local="129819271940000000" remote="129819271940000000" />
<file name="freeserif.z" server="C:/xampp/htdocs/" local="129819271940000000" remote="129819271940000000" />
<file name="freeserifb.ctg.z" server="C:/xampp/htdocs/" local="129819271940000000" remote="129819271940000000" />
<file name="freeserifb.php" server="C:/xampp/htdocs/" local="129819271940000000" remote="129819271940000000" />
<file name="freeserifb.z" server="C:/xampp/htdocs/" local="129819271940000000" remote="129819271940000000" />
<file name="freeserifbi.ctg.z" server="C:/xampp/htdocs/" local="129819271940000000" remote="129819271940000000" />
<file name="freeserifbi.php" server="C:/xampp/htdocs/" local="129819271940000000" remote="129819271940000000" />
<file name="freeserifbi.z" server="C:/xampp/htdocs/" local="129819271940000000" remote="129819271940000000" />
<file name="freeserifi.ctg.z" server="C:/xampp/htdocs/" local="129819271940000000" remote="129819271940000000" />
<file name="freeserifi.php" server="C:/xampp/htdocs/" local="129819271940000000" remote="129819271940000000" />
<file name="freeserifi.z" server="C:/xampp/htdocs/" local="129819271940000000" remote="129819271940000000" />
<file name="helvetica.php" server="C:/xampp/htdocs/" local="129819271940000000" remote="129819271940000000" />
<file name="helveticab.php" server="C:/xampp/htdocs/" local="129819271940000000" remote="129819271940000000" />
<file name="helveticabi.php" server="C:/xampp/htdocs/" local="129819271940000000" remote="129819271940000000" />
<file name="helveticai.php" server="C:/xampp/htdocs/" local="129819271940000000" remote="129819271940000000" />
<file name="hysmyeongjostdmedium.php" server="C:/xampp/htdocs/" local="129819271940000000" remote="129819271940000000" />
<file name="kozgopromedium.php" server="C:/xampp/htdocs/" local="129819271940000000" remote="129819271940000000" />
<file name="kozminproregular.php" server="C:/xampp/htdocs/" local="129819271940000000" remote="129819271940000000" />
<file name="msungstdlight.php" server="C:/xampp/htdocs/" local="129819271940000000" remote="129819271940000000" />
<file name="README.TXT" server="C:/xampp/htdocs/" local="129819271940000000" remote="129819271940000000" />
<file name="stsongstdlight.php" server="C:/xampp/htdocs/" local="129819271940000000" remote="129819271940000000" />
<file name="symbol.php" server="C:/xampp/htdocs/" local="129819271940000000" remote="129819271940000000" />
<file name="times.php" server="C:/xampp/htdocs/" local="129819271940000000" remote="129819271940000000" />
<file name="timesb.php" server="C:/xampp/htdocs/" local="129819271940000000" remote="129819271940000000" />
<file name="timesbi.php" server="C:/xampp/htdocs/" local="129819271940000000" remote="129819271940000000" />
<file name="timesi.php" server="C:/xampp/htdocs/" local="129819271940000000" remote="129819271940000000" />
<file name="uni2cid_ac15.php" server="C:/xampp/htdocs/" local="129819271940000000" remote="129819271940000000" />
<file name="uni2cid_ag15.php" server="C:/xampp/htdocs/" local="129819271940000000" remote="129819271940000000" />
<file name="uni2cid_aj16.php" server="C:/xampp/htdocs/" local="129819271940000000" remote="129819271940000000" />
<file name="uni2cid_ak12.php" server="C:/xampp/htdocs/" local="129819271940000000" remote="129819271940000000" />
<file name="zapfdingbats.php" server="C:/xampp/htdocs/" local="129819271940000000" remote="129819271940000000" />
<file name="ZarBold.ctg.z" server="C:/xampp/htdocs/" local="129819271940000000" remote="129819271940000000" />
<file name="zarbold.php" server="C:/xampp/htdocs/" local="129819271940000000" remote="129819271940000000" />
<file name="ZarBold.z" server="C:/xampp/htdocs/" local="129819271940000000" remote="129819271940000000" />
</dwsync>