<?xml version="1.0" encoding="utf-8" ?>
<dwsync>
<file name="CSV.php" server="C:/xampp/htdocs/" local="129819271940000000" remote="129819271940000000" />
<file name="DefaultReadFilter.php" server="C:/xampp/htdocs/" local="129819271940000000" remote="129819271940000000" />
<file name="Excel2003XML.php" server="C:/xampp/htdocs/" local="129819271940000000" remote="129819271940000000" />
<file name="Excel2007.php" server="C:/xampp/htdocs/" local="129819271940000000" remote="129819271940000000" />
<file name="Excel5.php" server="C:/xampp/htdocs/" local="129819271940000000" remote="129819271940000000" />
<file name="Gnumeric.php" server="C:/xampp/htdocs/" local="129819271940000000" remote="129819271940000000" />
<file name="IReader.php" server="C:/xampp/htdocs/" local="129819271940000000" remote="129819271940000000" />
<file name="IReadFilter.php" server="C:/xampp/htdocs/" local="129819271940000000" remote="129819271940000000" />
<file name="OOCalc.php" server="C:/xampp/htdocs/" local="129819271940000000" remote="129819271940000000" />
<file name="SYLK.php" server="C:/xampp/htdocs/" local="129819271940000000" remote="129819271940000000" />
</dwsync>