<?xml version="1.0" encoding="utf-8" ?>
<dwsync>
<file name="consultajunta.php" server="C:/xampp/htdocs/junta/" local="131060704365428313" remote="131060704360000000" Dst="0" />
<file name="crearjunta.php" server="C:/xampp/htdocs/junta/" local="131051164470644578" remote="131051164470000000" Dst="0" />
<file name="datosjunta.php" server="C:/xampp/htdocs/junta/" local="131060718329627445" remote="131060718320000000" Dst="0" />
<file name="consultadocumento.php" server="C:/xampp/htdocs/junta/" local="131057468465045424" remote="131057468460000000" Dst="0" />
<file name="crearpersona.php" server="C:/xampp/htdocs/junta/" local="131057470246977272" remote="131057470240000000" Dst="0" />
<file name="editarpersona.php" server="C:/xampp/htdocs/junta/" local="131058093980613462" remote="131058093980000000" Dst="0" />
<file name="eliminarpersona.php" server="C:/xampp/htdocs/junta/" local="131052126153974923" remote="131052126150000000" Dst="0" />
<file name="administracion.php" server="C:/xampp/htdocs/junta/" local="131060721284881715" remote="131060721280000000" Dst="0" />
<file name="autoresolutorio.php" server="C:/xampp/htdocs/junta/" local="131058130497873758" remote="131058130490000000" Dst="0" />
<file name="cargadocumento.php" server="C:/xampp/htdocs/junta/" local="131057201124781360" remote="131057201120000000" Dst="0" />
<file name="subir.php" server="C:/xampp/htdocs/junta/" local="131058356410000000" remote="131058356410000000" Dst="0" />
<file name="consecutivo.php" server="C:/xampp/htdocs/junta/" local="131056633568537953" remote="131056633560000000" Dst="0" />
<file name="certificado.php" server="C:/xampp/htdocs/junta/" local="131058132990784338" remote="131058132990000000" Dst="0" />
<file name="prueba.php" server="C:/xampp/htdocs/junta/" local="131057292195402605" remote="131057292190000000" Dst="0" />
<file name="junta.php" server="C:/xampp/htdocs/junta/" local="131060720876708268" remote="131060720870000000" Dst="0" />
</dwsync>