<?xml version="1.0" encoding="utf-8" ?>
<dwsync>
<file name="AUTHORS" server="C:/xampp/htdocs/" local="129819271940000000" remote="129819271940000000" />
<file name="BUGS" server="C:/xampp/htdocs/" local="129819271940000000" remote="129819271940000000" />
<file name="langcover.txt" server="C:/xampp/htdocs/" local="129819271940000000" remote="129819271940000000" />
<file name="LICENSE" server="C:/xampp/htdocs/" local="129819271940000000" remote="129819271940000000" />
<file name="NEWS" server="C:/xampp/htdocs/" local="129819271940000000" remote="129819271940000000" />
<file name="README" server="C:/xampp/htdocs/" local="129819271940000000" remote="129819271940000000" />
<file name="status.txt" server="C:/xampp/htdocs/" local="129819271940000000" remote="129819271940000000" />
<file name="unicover.txt" server="C:/xampp/htdocs/" local="129819271940000000" remote="129819271940000000" />
</dwsync>