<?xml version="1.0" encoding="utf-8" ?>
<dwsync>
<file name="Autoloader.php" server="C:/xampp/htdocs/" local="129819271940000000" remote="129819271940000000" />
<file name="CachedObjectStorageFactory.php" server="C:/xampp/htdocs/" local="129819271940000000" remote="129819271940000000" />
<file name="Calculation.php" server="C:/xampp/htdocs/" local="129819271940000000" remote="129819271940000000" />
<file name="Cell.php" server="C:/xampp/htdocs/" local="129819271940000000" remote="129819271940000000" />
<file name="Chart.php" server="C:/xampp/htdocs/" local="129819271940000000" remote="129819271940000000" />
<file name="Comment.php" server="C:/xampp/htdocs/" local="129819271940000000" remote="129819271940000000" />
<file name="DocumentProperties.php" server="C:/xampp/htdocs/" local="129819271940000000" remote="129819271940000000" />
<file name="DocumentSecurity.php" server="C:/xampp/htdocs/" local="129819271940000000" remote="129819271940000000" />
<file name="HashTable.php" server="C:/xampp/htdocs/" local="129819271940000000" remote="129819271940000000" />
<file name="IComparable.php" server="C:/xampp/htdocs/" local="129819271940000000" remote="129819271940000000" />
<file name="IOFactory.php" server="C:/xampp/htdocs/" local="129819271940000000" remote="129819271940000000" />
<file name="NamedRange.php" server="C:/xampp/htdocs/" local="129819271940000000" remote="129819271940000000" />
<file name="ReferenceHelper.php" server="C:/xampp/htdocs/" local="129819271940000000" remote="129819271940000000" />
<file name="RichText.php" server="C:/xampp/htdocs/" local="129819271940000000" remote="129819271940000000" />
<file name="Settings.php" server="C:/xampp/htdocs/" local="129819271940000000" remote="129819271940000000" />
<file name="Style.php" server="C:/xampp/htdocs/" local="129819271940000000" remote="129819271940000000" />
<file name="Worksheet.php" server="C:/xampp/htdocs/" local="129819271940000000" remote="129819271940000000" />
<file name="WorksheetIterator.php" server="C:/xampp/htdocs/" local="129819271940000000" remote="129819271940000000" />
</dwsync>