<?xml version="1.0" encoding="utf-8" ?>
<dwsync>
<file name="APC.php" server="C:/xampp/htdocs/" local="129819271940000000" remote="129819271940000000" />
<file name="CacheBase.php" server="C:/xampp/htdocs/" local="129819271940000000" remote="129819271940000000" />
<file name="DiscISAM.php" server="C:/xampp/htdocs/" local="129819271940000000" remote="129819271940000000" />
<file name="ICache.php" server="C:/xampp/htdocs/" local="129819271940000000" remote="129819271940000000" />
<file name="Igbinary.php" server="C:/xampp/htdocs/" local="129819271940000000" remote="129819271940000000" />
<file name="Memcache.php" server="C:/xampp/htdocs/" local="129819271940000000" remote="129819271940000000" />
<file name="Memory.php" server="C:/xampp/htdocs/" local="129819271940000000" remote="129819271940000000" />
<file name="MemoryGZip.php" server="C:/xampp/htdocs/" local="129819271940000000" remote="129819271940000000" />
<file name="MemorySerialized.php" server="C:/xampp/htdocs/" local="129819271940000000" remote="129819271940000000" />
<file name="PHPTemp.php" server="C:/xampp/htdocs/" local="129819271940000000" remote="129819271940000000" />
<file name="SQLite.php" server="C:/xampp/htdocs/" local="129819271940000000" remote="129819271940000000" />
<file name="SQLite3.php" server="C:/xampp/htdocs/" local="129819271940000000" remote="129819271940000000" />
<file name="Wincache.php" server="C:/xampp/htdocs/" local="129819271940000000" remote="129819271940000000" />
</dwsync>