<?xml version="1.0" encoding="utf-8" ?>
<dwsync>
<file name="index.html" server="C:/xampp/htdocs/junta/" local="131027168969116255" remote="131027168960000000" Dst="0" />
<file name="menu.php" server="C:/xampp/htdocs/junta/" local="131027175962196237" remote="131027175960000000" Dst="0" />
<file name="index2.php" server="C:/xampp/htdocs/junta/" local="131043443363949676" remote="131043443360000000" Dst="0" />
<file name="salir.php" server="C:/xampp/htdocs/junta/" local="131042516122823051" remote="131042516120000000" Dst="0" />
<file name="login.php" server="C:/xampp/htdocs/junta/" local="131055540357068385" remote="131055540350000000" Dst="0" />
<file name="desactivado.php" server="C:/xampp/htdocs/junta/" local="131027069832695976" remote="131027069830000000" Dst="0" />
<file name="inicio.php" server="C:/xampp/htdocs/junta/" local="131048808362472944" remote="131048808360000000" Dst="0" />
<file name="verificar.php" server="C:/xampp/htdocs/junta/" local="131051165265520042" remote="131051165260000000" Dst="0" />
<file name="index3.php" server="C:/xampp/htdocs/junta/" local="131042511229366325" remote="131042511220000000" Dst="0" />
<file name="menu3.php" server="C:/xampp/htdocs/junta/" local="131043352115664725" remote="131043352110000000" Dst="0" />
<file name="menu2.php" server="C:/xampp/htdocs/junta/" local="131048807010454695" remote="131048807010000000" Dst="0" />
<file name="index1.php" server="C:/xampp/htdocs/junta/" local="131042510820000000" remote="131042510820000000" Dst="0" />
<file name="cambio.php" server="C:/xampp/htdocs/junta/" local="131055549560095991" remote="131055549560000000" Dst="0" />
<file name="descargarautoresolutorio.php" server="C:/xampp/htdocs/junta/" local="131058354434956064" remote="131058354430000000" Dst="0" />
</dwsync>