<?xml version="1.0" encoding="utf-8" ?>
<dwsync>
<file name="Database.php" server="C:/xampp/htdocs/" local="129819271940000000" remote="129819271940000000" />
<file name="DateTime.php" server="C:/xampp/htdocs/" local="129819271940000000" remote="129819271940000000" />
<file name="Engineering.php" server="C:/xampp/htdocs/" local="129819271940000000" remote="129819271940000000" />
<file name="Exception.php" server="C:/xampp/htdocs/" local="129819271940000000" remote="129819271940000000" />
<file name="ExceptionHandler.php" server="C:/xampp/htdocs/" local="129819271940000000" remote="129819271940000000" />
<file name="Financial.php" server="C:/xampp/htdocs/" local="129819271940000000" remote="129819271940000000" />
<file name="FormulaParser.php" server="C:/xampp/htdocs/" local="129819271940000000" remote="129819271940000000" />
<file name="FormulaToken.php" server="C:/xampp/htdocs/" local="129819271940000000" remote="129819271940000000" />
<file name="Function.php" server="C:/xampp/htdocs/" local="129819271940000000" remote="129819271940000000" />
<file name="functionlist.txt" server="C:/xampp/htdocs/" local="129819271940000000" remote="129819271940000000" />
<file name="Functions.php" server="C:/xampp/htdocs/" local="129819271940000000" remote="129819271940000000" />
<file name="Logical.php" server="C:/xampp/htdocs/" local="129819271940000000" remote="129819271940000000" />
<file name="LookupRef.php" server="C:/xampp/htdocs/" local="129819271940000000" remote="129819271940000000" />
<file name="MathTrig.php" server="C:/xampp/htdocs/" local="129819271940000000" remote="129819271940000000" />
<file name="Statistical.php" server="C:/xampp/htdocs/" local="129819271940000000" remote="129819271940000000" />
<file name="TextData.php" server="C:/xampp/htdocs/" local="129819271940000000" remote="129819271940000000" />
</dwsync>