<?xml version="1.0" encoding="utf-8" ?>
<dwsync>
<file name="CodePage.php" server="C:/xampp/htdocs/" local="129819271940000000" remote="129819271940000000" />
<file name="Date.php" server="C:/xampp/htdocs/" local="129819271940000000" remote="129819271940000000" />
<file name="Drawing.php" server="C:/xampp/htdocs/" local="129819271940000000" remote="129819271940000000" />
<file name="Escher.php" server="C:/xampp/htdocs/" local="129819271940000000" remote="129819271940000000" />
<file name="Excel5.php" server="C:/xampp/htdocs/" local="129819271940000000" remote="129819271940000000" />
<file name="File.php" server="C:/xampp/htdocs/" local="129819271940000000" remote="129819271940000000" />
<file name="Font.php" server="C:/xampp/htdocs/" local="129819271940000000" remote="129819271940000000" />
<file name="OLE.php" server="C:/xampp/htdocs/" local="129819271940000000" remote="129819271940000000" />
<file name="OLERead.php" server="C:/xampp/htdocs/" local="129819271940000000" remote="129819271940000000" />
<file name="PasswordHasher.php" server="C:/xampp/htdocs/" local="129819271940000000" remote="129819271940000000" />
<file name="String.php" server="C:/xampp/htdocs/" local="129819271940000000" remote="129819271940000000" />
<file name="XMLWriter.php" server="C:/xampp/htdocs/" local="129819271940000000" remote="129819271940000000" />
<file name="ZipArchive.php" server="C:/xampp/htdocs/" local="129819271940000000" remote="129819271940000000" />
<file name="ZipStreamWrapper.php" server="C:/xampp/htdocs/" local="129819271940000000" remote="129819271940000000" />
</dwsync>