<?xml version="1.0" encoding="utf-8" ?>
<dwsync>
<file name="Alignment.php" server="C:/xampp/htdocs/" local="129819271940000000" remote="129819271940000000" />
<file name="Border.php" server="C:/xampp/htdocs/" local="129819271940000000" remote="129819271940000000" />
<file name="Borders.php" server="C:/xampp/htdocs/" local="129819271940000000" remote="129819271940000000" />
<file name="Color.php" server="C:/xampp/htdocs/" local="129819271940000000" remote="129819271940000000" />
<file name="Conditional.php" server="C:/xampp/htdocs/" local="129819271940000000" remote="129819271940000000" />
<file name="Fill.php" server="C:/xampp/htdocs/" local="129819271940000000" remote="129819271940000000" />
<file name="Font.php" server="C:/xampp/htdocs/" local="129819271940000000" remote="129819271940000000" />
<file name="NumberFormat.php" server="C:/xampp/htdocs/" local="129819271940000000" remote="129819271940000000" />
<file name="Protection.php" server="C:/xampp/htdocs/" local="129819271940000000" remote="129819271940000000" />
</dwsync>