<?xml version="1.0" encoding="utf-8" ?>
<dwsync>
<file name="BaseDrawing.php" server="C:/xampp/htdocs/" local="129819271940000000" remote="129819271940000000" />
<file name="CellIterator.php" server="C:/xampp/htdocs/" local="129819271940000000" remote="129819271940000000" />
<file name="ColumnDimension.php" server="C:/xampp/htdocs/" local="129819271940000000" remote="129819271940000000" />
<file name="Drawing.php" server="C:/xampp/htdocs/" local="129819271940000000" remote="129819271940000000" />
<file name="HeaderFooter.php" server="C:/xampp/htdocs/" local="129819271940000000" remote="129819271940000000" />
<file name="HeaderFooterDrawing.php" server="C:/xampp/htdocs/" local="129819271940000000" remote="129819271940000000" />
<file name="MemoryDrawing.php" server="C:/xampp/htdocs/" local="129819271940000000" remote="129819271940000000" />
<file name="PageMargins.php" server="C:/xampp/htdocs/" local="129819271940000000" remote="129819271940000000" />
<file name="PageSetup.php" server="C:/xampp/htdocs/" local="129819271940000000" remote="129819271940000000" />
<file name="Protection.php" server="C:/xampp/htdocs/" local="129819271940000000" remote="129819271940000000" />
<file name="Row.php" server="C:/xampp/htdocs/" local="129819271940000000" remote="129819271940000000" />
<file name="RowDimension.php" server="C:/xampp/htdocs/" local="129819271940000000" remote="129819271940000000" />
<file name="RowIterator.php" server="C:/xampp/htdocs/" local="129819271940000000" remote="129819271940000000" />
<file name="SheetView.php" server="C:/xampp/htdocs/" local="129819271940000000" remote="129819271940000000" />
</dwsync>