<?xml version="1.0" encoding="utf-8" ?>
<dwsync>
<file name="cal.gif" server="C:/xampp/htdocs/Agenda/" local="129600478780000000" remote="129600478780000000" Dst="0" />
<file name="no_cal.gif" server="C:/xampp/htdocs/Agenda/" local="129600496580000000" remote="129600496580000000" Dst="0" />
<file name="prev_year.gif" server="C:/xampp/htdocs/Agenda/" local="129600559040000000" remote="129600559040000000" Dst="0" />
<file name="prev_mon.gif" server="C:/xampp/htdocs/Agenda/" local="129600559100000000" remote="129600559100000000" Dst="0" />
<file name="next_mon.gif" server="C:/xampp/htdocs/Agenda/" local="129600559200000000" remote="129600559200000000" Dst="0" />
<file name="next_year.gif" server="C:/xampp/htdocs/Agenda/" local="129600559240000000" remote="129600559240000000" Dst="0" />
<file name="banner.png" server="C:/xampp/htdocs/Agenda/" local="130982047848721096" remote="130982047840000000" Dst="0" />
<file name="header.jpg" server="C:/xampp/htdocs/Agenda/" local="130988407660000000" remote="130988407660000000" Dst="0" />
<file name="cal.gif" server="C:/xampp/htdocs/notificacion/" local="129600478780000000" remote="129600478780000000" Dst="0" />
<file name="no_cal.gif" server="C:/xampp/htdocs/notificacion/" local="129600496580000000" remote="129600496580000000" Dst="0" />
<file name="prev_year.gif" server="C:/xampp/htdocs/notificacion/" local="129600559040000000" remote="129600559040000000" Dst="0" />
<file name="prev_mon.gif" server="C:/xampp/htdocs/notificacion/" local="129600559100000000" remote="129600559100000000" Dst="0" />
<file name="next_mon.gif" server="C:/xampp/htdocs/notificacion/" local="129600559200000000" remote="129600559200000000" Dst="0" />
<file name="next_year.gif" server="C:/xampp/htdocs/notificacion/" local="129600559240000000" remote="129600559240000000" Dst="0" />
<file name="banner.png" server="C:/xampp/htdocs/notificacion/" local="130982047848721096" remote="130982047840000000" Dst="0" />
<file name="aplicacion.png" server="C:/xampp/htdocs/notificacion/" local="131013346706340407" remote="131013346700000000" Dst="0" />
<file name="banner.png" server="C:/xampp/htdocs/junta/" local="130982047848721096" remote="130982047840000000" Dst="0" />
<file name="aplicacion.png" server="C:/xampp/htdocs/junta/" local="131027073904348862" remote="131027073900000000" Dst="0" />
<file name="cal.gif" server="C:/xampp/htdocs/junta/" local="129600478780000000" remote="129600478780000000" Dst="0" />
<file name="no_cal.gif" server="C:/xampp/htdocs/junta/" local="129600496580000000" remote="129600496580000000" Dst="0" />
<file name="prev_year.gif" server="C:/xampp/htdocs/junta/" local="129600559040000000" remote="129600559040000000" Dst="0" />
<file name="prev_mon.gif" server="C:/xampp/htdocs/junta/" local="129600559100000000" remote="129600559100000000" Dst="0" />
<file name="next_mon.gif" server="C:/xampp/htdocs/junta/" local="129600559200000000" remote="129600559200000000" Dst="0" />
<file name="next_year.gif" server="C:/xampp/htdocs/junta/" local="129600559240000000" remote="129600559240000000" Dst="0" />
</dwsync>