<?xml version="1.0" encoding="utf-8" ?>
<dwsync>
<file name="2dbarcodes.php" server="C:/xampp/htdocs/" local="129819271940000000" remote="129819271940000000" />
<file name="barcodes.php" server="C:/xampp/htdocs/" local="129819271940000000" remote="129819271940000000" />
<file name="CHANGELOG.TXT" server="C:/xampp/htdocs/" local="129819271940000000" remote="129819271940000000" />
<file name="htmlcolors.php" server="C:/xampp/htdocs/" local="129819271940000000" remote="129819271940000000" />
<file name="LICENSE.TXT" server="C:/xampp/htdocs/" local="129819271940000000" remote="129819271940000000" />
<file name="pdf417.php" server="C:/xampp/htdocs/" local="129819271940000000" remote="129819271940000000" />
<file name="qrcode.php" server="C:/xampp/htdocs/" local="129819271940000000" remote="129819271940000000" />
<file name="README.TXT" server="C:/xampp/htdocs/" local="129819271940000000" remote="129819271940000000" />
<file name="tcpdf.crt" server="C:/xampp/htdocs/" local="129819271940000000" remote="129819271940000000" />
<file name="tcpdf.fdf" server="C:/xampp/htdocs/" local="129819271940000000" remote="129819271940000000" />
<file name="tcpdf.p12" server="C:/xampp/htdocs/" local="129819271940000000" remote="129819271940000000" />
<file name="tcpdf.php" server="C:/xampp/htdocs/" local="129819271940000000" remote="129819271940000000" />
<file name="unicode_data.php" server="C:/xampp/htdocs/" local="129819271940000000" remote="129819271940000000" />
</dwsync>