<?xml version="1.0" encoding="utf-8" ?>
<dwsync>
<file name="benchmark.php" server="C:/xampp/htdocs/" local="129819271940000000" remote="129819271940000000" />
<file name="LagrangeInterpolation.php" server="C:/xampp/htdocs/" local="129819271940000000" remote="129819271940000000" />
<file name="LagrangeInterpolation2.php" server="C:/xampp/htdocs/" local="129819271940000000" remote="129819271940000000" />
<file name="LevenbergMarquardt.php" server="C:/xampp/htdocs/" local="129819271940000000" remote="129819271940000000" />
<file name="LMQuadTest.php" server="C:/xampp/htdocs/" local="129819271940000000" remote="129819271940000000" />
<file name="MagicSquareExample.php" server="C:/xampp/htdocs/" local="129819271940000000" remote="129819271940000000" />
<file name="polyfit.php" server="C:/xampp/htdocs/" local="129819271940000000" remote="129819271940000000" />
<file name="Stats.php" server="C:/xampp/htdocs/" local="129819271940000000" remote="129819271940000000" />
<file name="tile.php" server="C:/xampp/htdocs/" local="129819271940000000" remote="129819271940000000" />
</dwsync>